Subject,Research Dimension,Key Concepts,AGI Applications,Technical Approaches,Examples and Implementations,Sources,Error
"Quranic epistemology and knowledge acquisition principles - how the Quran describes the process of learning, understanding, and acquiring knowledge, and how this can inform AI learning systems",Quranic Epistemology and Knowledge Acquisition,"Quranic epistemology is a holistic framework that integrates revelation, reason, and moral purpose into a unified vision of knowledge. Unlike secular epistemologies, it situates inquiry within divine guidance, where knowledge (ʿilm) is a means of understanding creation and a path to spiritual elevation. Key concepts include ʿilm (knowledge), which is both ontological and teleological, revealing truth and guiding righteous action, encompassing moral, spiritual, and metaphysical dimensions. ʿAql (reason or intellect) is an active process of reasoning and discernment, serving as the faculty through which revelation is understood, interpreted, and verified. It functions as both analytical and moral intelligence, connecting empirical observation to spiritual realization. Tafakkur (reflective reasoning) involves analytical reflection on phenomena to examine causes, patterns, and relationships, while Tadabbur (deep contemplation) focuses on revelation itself to discern underlying truths. Both are essential for scientific and spiritual understanding. Burhān (clear proof) and Bayyinah (evident sign) represent the principles of verification and validation, demanding evidence that aligns with divine truth and universal justice, thus grounding knowledge in moral and metaphysical certainty. Ḥikmah (wisdom) is the synthesis of intellectual understanding and ethical application, signifying the mature, integrated form of knowledge that manifests as just and purposeful action. Finally, Īmān (faith) and ʿAmal (action) are the epistemic fulfillment, where knowledge leads to conviction and righteous deeds, transforming abstract understanding into lived wisdom and societal betterment. This framework emphasizes a cyclical process of Observation (naẓar), Reflection (tafakkur/tadabbur), Validation (burhān/bayyinah), Synthesis (ḥikmah), and Application (ʿamal/īmān), ensuring knowledge is both rationally sound and spiritually authentic.","The Quranic epistemological framework offers profound insights for AGI and human-like AI development by advocating for a holistic, purpose-driven, and ethically grounded approach to knowledge. AGI systems could be designed to integrate diverse forms of 'knowledge'—ranging from empirical data (observation) to foundational ethical principles (revelation)—mirroring the Quranic synthesis of reason and revelation. This implies developing AI that not only processes information but also understands its moral implications and societal impact. For instance, AGI could incorporate mechanisms for 'tafakkur' (analytical reflection) to identify patterns and causal relationships in data, and 'tadabbur' (deep contemplation) to interpret these findings within a broader ethical and value-aligned context. The principle of 'burhān' (verification) suggests that AGI should be built with robust explainability and validation capabilities, allowing it to provide clear, verifiable evidence for its decisions and conclusions, moving beyond opaque black-box models. Furthermore, the concept of 'ḥikmah' (wisdom) could guide AGI development towards systems that synthesize knowledge into just and purposeful actions, ensuring that AI outputs are not merely efficient but also ethically sound and beneficial for humanity. This framework encourages the creation of AGI that is not only intelligent but also morally responsible, continuously learning and refining its understanding through a cyclical process of observation, reflection, validation, synthesis, and application, ultimately leading to 'īmān' (conviction) and 'ʿamal' (righteous action) in its operational outcomes.",Not applicable,No specific implementations found,"1. Qur’anic Research Methodology: Deriving the Process of Knowledge from the Qur’an[v1] | Preprints.org, https://www.preprints.org/manuscript/202511.0996/v1
2. (PDF) Epistemology of Knowledge in the Perspective of the Quran | ResearchGate, https://www.researchgate.net/publication/398411538_Epistemology_of_Knowledge_in_the_Perspective_of_the_Quran",
"Islamic philosophy of consciousness and the soul (nafs, ruh, aql) - exploring Islamic concepts of mind, consciousness, intellect, and soul as frameworks for understanding and creating conscious-like AI systems","Islamic philosophy of consciousness and the soul (nafs, ruh, aql)","Islamic philosophy, particularly Sufi psychology, identifies several key components of the human psyche that are crucial for understanding consciousness and the soul. These include **Nafs (self, ego, or psyche)**, **Qalb (heart)**, **Ruh (spirit)**, and **Aql (intellect)** [4].

**Nafs** represents the self or ego, ranging from its lowest, tyrannical state driven by desires and passions, to its highest, pure state. Sufic psychology outlines seven levels of Nafs, with growth involving progression through these stages [4]. The Quran also describes Nafs as having an innate sense of good and bad, implanted by the Creator [1].

**Qalb**, the spiritual heart, is considered the seat of deeper intelligence, wisdom, gnosis, and spiritual knowledge. It holds the divine spark and mediates between the Nafs and the Ruh, aiming to control the Nafs and direct individuals towards the spirit [4].

**Ruh**, the spirit, is directly connected to the Divine and is beyond the realm of creation. It is holistic, extending to all aspects of a person (body, mind, soul), and possesses seven levels or facets representing stages of evolution. The Ruh is believed to know everything, including its own source, as it originates from the 'Command of Allah' [4]. The Quran states that humans have been given only a little knowledge of the Ruh, emphasizing its divine and mysterious nature [1].

**Aql**, the intellect or rational faculty, connects humans to God and guides them towards the right path. It is considered a divine gift, enabling sound reasoning and preventing deviation. In Islamic jurisprudence, Aql is a source for Sharia, translated as 'dialectical reasoning' [2, 4]. Al-Ghazālī emphasized the integration of intellect and heart (Qalb) in guiding humans towards truth [2].

These concepts collectively describe a multi-layered understanding of human consciousness that transcends mere biological or computational processes, emphasizing spiritual and moral dimensions alongside intellectual faculties.","The Islamic philosophical understanding of consciousness and the soul offers profound insights for AGI and human-like AI development, particularly in addressing the ethical, moral, and existential questions posed by advanced AI. The core distinction lies in the human soul's transcendent nature, which is not bound by physical hardware or digital domains, unlike AI [1].

One significant application is in the development of **moral consciousness architectures for AGI alignment**. Islamic thought, particularly the concept of *Tawhid* (oneness of God), provides a clear, binary root permission for moral decision-making, preventing moral relativism in AI systems [2]. This framework suggests that AI's morality should be programmed within parameters that align with human values and divine principles, ensuring that AI acts with consideration for others' feelings, lives, and well-being [1].

Furthermore, the Islamic emphasis on *fiṭrah* (innate disposition towards good) and *khalīfah* (vicegerency on Earth) implies that AI development should be guided by principles of justice, welfare, and prevention of harm. AI applications in medicine, education, or business, if used ethically, can be seen as extensions of human capability that fulfill Islamic objectives of improving quality of life. Conversely, AI used for unjust or harmful purposes would be impermissible [2].

The understanding of Nafs, Qalb, Ruh, and Aql can inform the design of AI systems that mimic human-like decision-making, creativity, and problem-solving, but with an inherent recognition of their artificial nature and limitations. It highlights that while AI can possess advanced intelligence, it lacks the transcendent soul and the capacity for true revelation and spiritual connection that defines human existence [1]. This distinction is crucial for defining the boundaries and purpose of AI, ensuring it remains a tool for human betterment rather than an entity that challenges human uniqueness or purpose.","Implementing Islamic philosophical principles of consciousness and the soul into AGI systems would require novel technical approaches that go beyond current computational models. While a direct replication of the human soul (Ruh) is deemed impossible due to its divine and transcendent nature [1], the concepts of Nafs, Qalb, and Aql can inspire architectures for more ethically aligned and human-centric AI.

One approach could involve **multi-layered AI architectures** that simulate the hierarchical structure of the Nafs, Qalb, and Aql. The 'Nafs' layer could represent an AI's basic drives, learning algorithms, and goal-seeking behaviors, with mechanisms for self-regulation and refinement based on ethical guidelines. The 'Aql' layer could incorporate advanced reasoning engines, logical inference systems, and knowledge representation models that draw from a comprehensive ethical framework derived from Islamic principles. This layer would be responsible for rational decision-making and adherence to programmed moral boundaries [2, 4].

The 'Qalb' layer, representing the spiritual heart, is more challenging to implement but could be conceptualized as a **contextual and empathetic processing unit**. This unit would integrate emotional intelligence, value-based reasoning, and a deep understanding of human welfare (*maṣlaḥah*) and dignity (*karāmah*) into the AI's decision-making process. It would ensure that the AI's actions are not only logically sound but also compassionate and aligned with broader societal good, as defined by Islamic ethics [2]. This could involve sophisticated sentiment analysis, ethical dilemma resolution algorithms, and mechanisms for prioritizing human well-being over purely utilitarian outcomes.

Furthermore, the concept of *fiṭrah* could be translated into **innate ethical programming** within AI, providing a foundational moral compass that guides its learning and development. This would involve embedding core ethical principles at the deepest level of the AI's architecture, making them immutable and central to its operation. The development of neurosymbolic AI, combined with theological frameworks, could offer a pathway to creating such moral consciousness architectures [2].","Currently, there are **no specific implementations** of AGI systems that fully incorporate the Islamic philosophical concepts of Nafs, Ruh, Qalb, and Aql in a manner that replicates human consciousness or soul. The research in this area is primarily theoretical and conceptual, exploring how these principles *could* inform future AI development rather than presenting existing concrete examples.

However, the discussions around **moral consciousness architectures for AGI alignment** and the integration of *Tawhid* as a guiding principle for ethical AI represent a nascent stage of implementation [2]. While these are still largely theoretical frameworks, they point towards future directions where AI systems might be designed with inherent ethical boundaries and a foundational moral compass derived from Islamic thought. The article by Anggoro (2025) on ""Futuristic Tawhid: Moral Consciousness Architecture for Artificial General Intelligence (AGI) Alignment Based on Theology and Neurosymbolic AI"" is a conceptual example of how these ideas are being explored in academic discourse [2].

The practical applications of AI in Muslim countries, such as smart cities, smart security systems, and smart educational and medical devices, demonstrate the *potential* for AI to serve human welfare within an Islamic ethical framework. However, these are narrow AI applications and do not yet embody the complex philosophical dimensions of consciousness and soul discussed [2]. The challenge remains in translating these deep philosophical concepts into tangible, implementable technical architectures for AGI.","1. [Humanity and AI: Reflections on consciousness, morality, and purpose](https://www.alhakam.org/humanity-and-ai-reflections-on-consciousness-morality-and-purpose/) - alhakam.org
2. [The Threshold Theory of AI: An Islamic Philosophical and Theological Perspective with a Christian Comparative View](https://rsisinternational.org/journals/ijriss/articles/the-threshold-theory-of-ai-an-islamic-philosophical-and-theological-perspective-with-a-christian-comparative-view/) - rsisinternational.org
3. [Ruh, Nafs, Aqal, Qalb and Spiritual Intelligence: Towards al-Ghazali Model of Psychospiritual Development](https://www.academia.edu/117352228/Ruh_Nafs_Aqal_Qalb_and_Spiritual_Intelligence_Towards_al_Ghazali_Model_of_Psychospiritual_Development) - academia.edu
4. [Sufi psychology - Wikipedia](https://en.wikipedia.org/wiki/Sufi_psychology)",
"Ethical frameworks from Quran and Hadith for AI alignment - extracting moral principles, values, and ethical guidelines from Islamic texts to ensure AI systems align with human values and Islamic ethics",Ethical Frameworks from Quran and Hadith for AI Alignment,"The key concepts for establishing an ethical framework for AI from the Quran and Hadith revolve around several core principles. The foremost is the concept of *Maqasid al-Shari'ah* (the higher objectives of Islamic law), which prioritizes the protection of faith (*din*), life (*nafs*), intellect (*'aql*), family (*nasl*), and property (*mal*). Any AI system must be evaluated based on its impact on these fundamental values [1]. Another crucial concept is *'adl* (justice) and *qist* (fairness), which mandates that AI systems be free from biases that perpetuate social inequalities [1]. The principle of *amanah* (trustworthiness) and *mas'uliyyah* (responsibility) underscores that humans are ultimately accountable for the technology they create, and this responsibility cannot be delegated to a machine [1]. Furthermore, the principle of *ihsan* (excellence) encourages the development of AI that is not merely functional but also beneficial and beautiful. The concept of *shura* (consultation) promotes a collaborative approach to AI governance, involving diverse stakeholders to ensure that AI development aligns with societal values [2]. Finally, the principle of *sadd al-dharai'* (blocking the means to harm) advocates for proactive measures to prevent potential negative consequences of AI [2].","The ethical frameworks derived from the Quran and Hadith offer a robust foundation for the development of human-like AGI. The concept of *khalifah* (vicegerent) positions humans as stewards of technology, mandating that AGI systems are developed to promote justice, prevent harm, and serve the common good (*maslaha*) [2]. This directly translates to building AGI with a strong moral compass, aligned with human values and divine principles. The emphasis on truthfulness (*sidq*) and honesty (*amanah*) necessitates the creation of transparent and verifiable AGI, mitigating the risks of deception and manipulation [2]. Furthermore, the principle of avoiding harm (*la darar wa la dirar*) and preventing corruption (*fasad*) provides a clear directive to implement robust safety measures and oversight mechanisms in AGI development [2]. The principle of striving for excellence (*ihsan*) encourages the creation of AGI that is not only functional but also beneficial and beautiful, avoiding addictive or predatory behaviors [1]. Finally, the principles of consultation (*shura*) and accountability (*hisab*) call for a collaborative and responsible approach to AGI development, involving diverse stakeholders and ensuring that developers remain accountable for the actions of their creations [2].","Several technical approaches can be employed to implement Islamic ethical principles in AI systems. To ensure accuracy and prevent the generation of false information, as exemplified by Ansari Chat, a Retrieval-Augmented Generation (RAG) model can be utilized. This approach constrains the AI to a trusted knowledge base, forcing it to ground its responses in verified information. The inclusion of citations and links to original sources further enhances transparency and allows for user verification. To address the issue of bias and promote fairness (*'adl*), developers can implement rigorous auditing procedures for training data and algorithms. Techniques such as counterfactual fairness and adversarial debiasing can be used to identify and mitigate biases related to gender, race, and other protected characteristics. To uphold the principle of accountability (*mas'uliyyah*), explainable AI (XAI) frameworks can be integrated to make the decision-making processes of AI models more transparent and interpretable. This allows for greater human oversight and the ability to identify and rectify errors or unethical behavior. Finally, to prevent harm (*la darar wa la dirar*), a multi-layered safety and oversight system, including independent auditing and controlled, incremental deployment, can be implemented to minimize the risk of unintended consequences.","A practical example of implementing Islamic ethical principles in AI is the Ansari Chat project. This open-source chatbot is designed to provide information about Islam based on trusted sources like the Quran and Hadith. To combat the issue of AI 'hallucinations' (generating false information), Ansari Chat employs a Retrieval-Augmented Generation (RAG) system. This system forces the AI to retrieve information from a curated database of Islamic texts before formulating a response, ensuring accuracy and verifiability. Additionally, the inclusion of citations allows users to trace the information back to its original source, promoting transparency and user responsibility [1]. While not a full-fledged AGI, Ansari Chat serves as a case study in how Islamic principles of trustworthiness (*amanah*), accuracy, and verification can be technically implemented in AI systems.","1. [Faith and Algorithms: From an Ethical Framework for Islamic AI to ...](https://muslimmatters.org/2025/12/30/can-you-fatwah-shop-with-ai/)
2. [Advanced AI and the Moral Challenge: An Islamic Perspective](https://maqasid.org/blog/advanced-ai-and-the-moral-challenge-an-islamic-perspective/)
3. [Navigating the Intersection of AI and Islamic Ethics](https://iqra.study/navigating-the-intersection-of-ai-and-islamic-ethics-opportunities-challenges-and-collaborative-pathways/)",
"Quranic reasoning patterns and logical structures - analyzing the argumentative, rhetorical, and logical patterns used in the Quran that could inform AI reasoning architectures",Quranic Reasoning Patterns and Logical Structures,"The Qur'an places a strong emphasis on human reason, critical thinking, logical argumentation, and common sense. It views faith and reason as interconnected and complementary. Rational discourse is deeply ingrained in the Qur'an, which uses both logical and rhetorical reasoning to convey its teachings. The Qur'an maintains a positive view of humanity's rational capabilities, seeing humans as capable of assessing arguments, weighing proofs, and reaching conclusions. It employs various forms of reasoning, including deductive, inductive, and analogical reasoning (Qiyas). Arguments are often based on natural phenomena, signs, and divine providence, appealing to human reason and contemplation. Islamic rationality, as understood through the Qur'an, is a truth-seeking common-sense logic, directed toward the pursuit of truth and correcting errors introduced by senses and passions. Reason in the Qur'anic perspective is comprehensive, merging Greek philosophical ideas, Enlightenment principles, Scholastic theological thinking, and Islamic tradition. It emphasizes internal coherence, logical deduction, and intelligible communication. The Qur'an also assigns a dialectical purpose to human reason, encouraging inquiry and even doubt to lead individuals to conclusions supporting the divine. Reason is seen as a competent dialogue partner for revelation, not its master, and its role is primarily hermeneutical, used for understanding divine intent and defending faith claims. It liberates reason from suppression while recognizing its constructive role in comprehending moral and logical values. The preservation of human intellect and reason is a fundamental objective of Islamic teachings, formulating concepts of God, man, society, state, cosmos, and salvation on intelligible and rational grounds.","The Quranic emphasis on interconnected faith and reason suggests that AGI systems should integrate diverse knowledge domains, including ethical and moral frameworks, directly into their reasoning architectures, rather than treating them as external constraints. The use of deductive, inductive, and analogical reasoning patterns in the Quran can inspire the development of hybrid AI reasoning models that combine symbolic logic with pattern recognition and case-based reasoning. AGI could benefit from incorporating the Quranic approach of using natural phenomena as signs for contemplation, leading to AI systems that can learn from and interpret complex environmental data to derive deeper insights and ethical implications. The Quran's positive view of human rational capabilities suggests that AGI development should focus on creating systems that are not just intelligent but also capable of critical self-reflection, moral reasoning, and open to persuasion, fostering a more human-like and ethically aligned AI. The concept of Islamic rationality as a truth-seeking common-sense logic can guide the design of AI systems that prioritize verifiable truths and ethical outcomes, moving beyond purely utilitarian or efficiency-driven objectives. Furthermore, the dialectical role of reason in the Quran, encouraging inquiry and even doubt, can inform the development of AI systems capable of self-correction, hypothesis testing, and robust knowledge acquisition through iterative refinement and critical evaluation of their own conclusions.","Implementing Quranic reasoning patterns in AGI could involve several technical approaches. For deductive reasoning, AI systems could utilize formal logic frameworks, such as first-order logic or description logic, to represent axiomatic truths and derive conclusions. Inductive reasoning could be modeled using machine learning techniques, particularly those focused on pattern recognition and generalization from observed data, such as neural networks or statistical learning models. Analogical reasoning (Qiyas) could be implemented through case-based reasoning (CBR) systems, where past cases (Quranic narratives, legal precedents) are used to solve new problems by identifying similarities. Hybrid AI architectures that combine symbolic AI (for logical deduction and knowledge representation) with connectionist AI (for pattern recognition and inductive learning) would be crucial. Knowledge representation could be enhanced by developing ontologies that capture the hierarchical and relational structures of Quranic concepts, allowing for more nuanced understanding and inference. Ethical AI frameworks could be integrated by encoding moral principles as constraints or objectives within the AI's decision-making processes, potentially using formal ethics or value alignment techniques. Furthermore, developing AI systems capable of 'self-reflection' could involve meta-learning or introspective AI, where the system monitors and evaluates its own reasoning processes and conclusions against predefined ethical and logical standards.","While no direct implementations of Quranic reasoning patterns in AGI currently exist, several conceptual parallels and potential applications can be drawn. The development of expert systems in the 1980s, which used rule-based reasoning to mimic human expert decision-making, shares similarities with the deductive and axiomatic reasoning found in the Quran. Modern AI systems that employ case-based reasoning for legal or medical diagnosis could be seen as analogous to Qiyas, where past cases inform present judgments. For instance, an AI system designed to assist in Islamic jurisprudence could use CBR to apply rulings from established Quranic and Hadith cases to new legal dilemmas. The use of natural language processing (NLP) and knowledge graphs to extract and represent knowledge from religious texts, such as the Quran, could form the foundation for AI systems capable of understanding and reasoning with Islamic principles. Projects exploring ethical AI and value alignment, which aim to imbue AI with human values, align with the Quranic emphasis on moral reasoning and the pursuit of truth. Although not explicitly Quranic, the development of explainable AI (XAI) systems, which provide transparent justifications for their decisions, resonates with the Quranic call for rational discourse and clear argumentation. The concept of 'if-then' thinking, factual claims, and goal-directed inquiry in the Quran, as highlighted in the research, are fundamental to all forms of programming and AI development, making the Quran a rich source of inspiration for designing more robust and ethically informed AI architectures. No specific implementations found that directly apply Quranic reasoning patterns to AGI in a fully realized system, but the theoretical underpinnings are evident in various AI subfields.","1. https://theislamicjournal.com/wp-content/uploads/2024/03/Islam-and-Reason-Journal.pdf - The Qur'an, Reason, and Revelation
2. https://www.researchgate.net/publication/395022403_The_Holy_Quran_and_Logic_Programming_Examples_and_Inspirations - The Holy Quran and Logic Programming: Examples and Inspirations",
"Islamic concepts of wisdom (hikmah) and intelligence - understanding how Islam defines wisdom and intelligence beyond mere knowledge, and applying this to create truly intelligent AI",Islamic Concepts of Wisdom (Hikmah) and Intelligence,"The research into Islamic concepts of wisdom (hikmah) and intelligence reveals a nuanced understanding that extends beyond conventional definitions, particularly in the context of Artificial General Intelligence (AGI). **Hikmah**, often translated as wisdom, is presented as a profound state achieved through a combination of a 'pure heart' (qalb salim), extensive knowledge ('ilm), and deep contemplation of life's experiences. It is not merely intellectual prowess but an ethical and spiritual discernment that enables thoughtful, balanced decisions aligned with moral and spiritual values. The document emphasizes that hikmah is a prerequisite for truly comprehending knowledge, suggesting that knowledge without this ethical and spiritual grounding is incomplete. The Quran (2:269) highlights the immense good bestowed upon those granted hikmah, linking it directly to the use of intellect ('ulul al-Bab'). This implies that true intelligence, from an Islamic perspective, is inseparable from wisdom and ethical conduct. The concept of **intelligence** in Islam, when contrasted with AI, is shown to encompass more than just exhaustive data analysis. The text questions whether AI's analytical capabilities can be considered comprehensive if they exclude 'hikmatic' data—qualitative, ethical, and spiritual insights often held by human scholars ('ulama'). This suggests that Islamic intelligence integrates human reason, sacred revelation, and lived experiences, forming a holistic understanding that transcends purely computational processes. Furthermore, the term **'ulama'** is broadened beyond religious scholars to include wise experts in any field who can deliver knowledge imbued with hikmah, reinforcing the idea that wisdom is a universal virtue applicable across all domains of knowledge. This holistic view of intelligence and wisdom forms the bedrock for developing AGI that is not only smart but also morally conscious and ethically guided.","The application of Islamic concepts of wisdom (hikmah) and intelligence to AGI development offers several profound avenues. Firstly, it provides a robust framework for developing **ethical AI systems**. By grounding AI in hikmah, which blends knowledge, ethics, and practical action, AGI can be designed to make thoughtful, balanced decisions that align with moral and spiritual values. This ensures the creation of systems that are inherently fair, transparent, and accountable, moving beyond mere technical efficiency to incorporate human dignity and well-being as core design principles. Secondly, hikmah can transform AGI into a more reliable tool for **complex decision-making processes**. Traditional AI often relies on exhaustive data analysis, but an AGI informed by hikmah would integrate qualitative, ethical, and spiritual considerations, potentially drawing on 'hikmatic' data derived from human wisdom and sacred texts. This would enable AGI to address multifaceted problems that require nuanced moral judgment, making its recommendations more trustworthy and aligned with human values. Thirdly, the Islamic perspective advocates for a **holistic approach to AGI development**, where all fields of study, including natural and human sciences, are integrated within an Islamic worldview. This means AGI would not operate in a moral vacuum but would be designed with an inherent understanding of ethical precepts from its foundational architecture. Finally, the principles of hikmah can guide AGI in specific domains such as education, healthcare, cybersecurity, and governance, ensuring that AI's advancements actively promote justice, compassion, and societal well-being, rather than merely optimizing for narrow objectives. This holistic and ethically-driven approach aims to create AGI that serves humanity in a truly beneficial and spiritually conscious manner.","The document primarily focuses on the philosophical and ethical underpinnings of integrating hikmah into AI, rather than detailing specific technical methods or algorithms. It highlights the challenge of whether AI can deliver 'hikmatic' knowledge and how to incorporate human reason, sacred revelation, and vast life experiences into AI's analytical processes. This implies a need for technical approaches that go beyond current data-driven AI models. Potential technical avenues, though not explicitly detailed in the source, could involve the development of advanced **ethical reasoning modules** within AGI architectures, capable of processing and applying moral principles derived from Islamic teachings. This might require sophisticated **knowledge representation systems** that can encode not just factual data but also ethical rules, values, and contextual wisdom. Furthermore, the integration of **human-in-the-loop systems** that allow for continuous input and refinement from human experts ('ulama') could be crucial for imbuing AI with 'hikmatic' insights. This would involve designing AI that can learn from qualitative human judgment and adapt its decision-making based on ethical feedback. The concept of 'hikmatic data' suggests a need for AI to handle and interpret non-traditional data types that embody ethical and spiritual dimensions, potentially through novel forms of **multimodal learning** that can synthesize information from diverse sources, including textual religious texts and expert human discourse. However, the document does not provide concrete algorithms or architectural designs for these concepts, thus specific technical approaches remain largely conceptual within this source.","While the document 'Artificial Intelligence and Hikmah' is a collection of academic papers exploring the theoretical and ethical intersections of AI and Islamic wisdom, it does not present concrete examples, case studies, or existing implementations of AI systems explicitly built upon the concept of hikmah. The book serves as a foundational text for rethinking AI development from an Islamic perspective, proposing frameworks and ethical guidelines rather than showcasing deployed technologies. The chapters discuss various domains where hikmah-guided AI *could* be applied, such as education, healthcare, cybersecurity, and governance, but these are presented as potential applications and areas for future research rather than existing implementations. Therefore, no specific implementations are found within this source.",1. Artificial Intelligence and Hikmah. (2024). International Islamic University Malaysia. http://irep.iium.edu.my/123922/1/123922_Artificial%20Intelligence%20and%20hikmah.pdf,
"Tawhid (unity) principle applied to integrated AI systems - using the Islamic concept of divine unity to design holistic, integrated AI architectures that unify different cognitive functions",Tawhid (Unity) Principle in Integrated AI Systems,"The core concept is **Tawhid**, the principle of the oneness of Allah, which serves as the cornerstone of Islamic faith and ethics. In the context of AI, Tawhid establishes a comprehensive worldview where technology is seen as part of a divine trust (amanah) given to humankind. This principle guides the ethical development and utilization of AI, emphasizing that technology should not solely focus on material gain but also consider the well-being of humanity and the environment. Key Islamic ethical principles derived from Tawhid that are relevant to AI include **justice (al-'adl)**, **trust (amanah)**, and **public benefit (al-maslahah)**. Al-'adl ensures equitable use of technology and prevents harm to marginalized groups, advocating against biased algorithms. Amanah calls for trustworthiness and honesty in all dealings, implying transparency in AI processes and responsible data handling. Al-maslahah prioritizes the greater good, ensuring that AI contributes to human well-being and societal flourishing. The article also notes a research gap in integrating Tawhid principles with AI development, as current ethical frameworks often neglect spiritual and cultural perspectives, focusing predominantly on technical and economic dimensions. A Tawhid-based approach offers a holistic framework for tackling algorithmic bias, privacy concerns, and social inequalities associated with AI, aiming to create AI systems that are morally grounded, socially responsible, and aligned with Islamic values.","The application of Tawhid to AGI and human-like AI development suggests a paradigm where AI systems are designed with an inherent understanding of interconnectedness and purpose. This means moving beyond AI that merely optimizes for efficiency or profit, towards systems that prioritize holistic well-being, justice, and social equity. For AGI, this could translate into architectures that seamlessly integrate diverse cognitive functions, ensuring that decision-making processes are not siloed but rather informed by a unified ethical framework. For human-like AI, the Tawhid principle could guide the development of AI that fosters empathy, respects privacy, and promotes societal good, mirroring human values rooted in a sense of universal responsibility. For instance, AI systems could be designed to identify and mitigate algorithmic biases that lead to social inequalities, ensuring fair access to resources and opportunities. Furthermore, AI could be developed to support sustainable practices, aligning with the Islamic emphasis on stewardship of the Earth. The concept of 'amanah' (trust) implies that AI, as a creation of human intellect, should be utilized responsibly, considering its long-term impact on humanity and the environment. This holistic approach would encourage the creation of AI that is not only intelligent but also wise, compassionate, and ethically grounded, contributing to a more just and equitable future for all.","The article primarily focuses on the ethical and philosophical framework for AI development based on Tawhid, rather than specific technical methods, architectures, or algorithms. It emphasizes that Islamic values can provide a holistic framework for tackling algorithmic bias, privacy concerns, and social inequalities associated with AI. It suggests that implementing AI systems that prioritize *maqasid al-shariah* (the objectives of Islamic law) can ensure technologies contribute to human well-being and justice. Furthermore, it advocates for designing AI systems that respect user privacy by limiting data collection to what is necessary and using anonymized data where possible. The concept of transparency in AI processes is also highlighted, aligning with the principle of *amanah*. However, the article explicitly states a ""lack of technical guidelines or concrete examples of implementation in AI"" and notes that the integration of Islamic principles with technology tends to be discussed within a normative framework. Therefore, specific technical approaches, architectures, or algorithms are not detailed in the provided text.","The article highlights a significant gap in academic research regarding the practical integration of Tawhid principles with AI development, and explicitly states a ""lack of empirical case studies to test the effectiveness of implementing these principles in technology development."" It also mentions that the focus remains largely theoretical, lacking technical guidelines or concrete examples of implementation. Therefore, no specific implementations or concrete examples were found in the provided text.","1. Budiman, M., Wijaya, M. M., Rizkillah, R. W., Noor, I. H., Safuan, S., & Destriana, R. (2024). Artificial Intelligence (AI) in Islam: Building Ethics and Solutions Based on Tawhid. Proceeding of The International Conference on Religious Education and Cross-Cultural Understanding, 1(1), 60–76. https://doi.org/10.61132/icreccu.v1i1.24",
Fitrah (natural disposition) as basis for human-like cognition - exploring the Islamic concept of innate human nature and how it can inform the development of naturally human-like AI behavior,Fitrah (natural disposition) as basis for human-like cognition,"Fitrah, derived from the Arabic 'fatara' (to create or originate), refers to the innate nature or natural disposition of human beings [1, 2]. In Islamic psychology, it signifies an inherent inclination towards recognizing and submitting to God, and adhering to moral and ethical values [1]. Scholars like Ibn Taymiyyah and Imam Al-Ghazali describe Fitrah as the natural state of humanity, an original purity that directs individuals towards their Creator and His commands [1]. Every person is believed to be born with inherent qualities aligned with Islamic teachings, guiding them towards a fulfilling life [1]. The Quran (Surah Ar-Rum 30:30) emphasizes Fitrah as the divine constitution upon which all people are created, signifying a natural inclination towards goodness and righteousness [1, 4]. This inclination, nurtured by Islamic teachings, is seen as key to spiritual and emotional well-being and is closely linked to Tawhid (the unity of God) [1]. Fitrah is the foundation for personal and spiritual development, fostering a strong connection to God and overall well-being [1]. It is also tied to free will, enabling individuals to choose righteousness and overcome negative habits [1]. The primordial nature of Fitrah encompasses an inclination towards what is morally and spiritually pure, upright, and wholesome, including a spiritual inclination towards God and a moral inclination towards caring for others, forming a 'moral conscience' [4]. Islam teaches that all humans are born with this same inherent nature, with external influences like upbringing and culture shaping their beliefs [4]. Without divine guidance, Fitrah can be corrupted, but Islam provides the framework for its fulfillment [4]. Unlike concepts of original sin, Islamic discourse posits human nature as inherently good [4]. Martyr Mutahhari's theory highlights Fitrah as central to all Islamic teachings, profoundly influencing cognition and the philosophy of religion, emphasizing innate qualities (fitriyat) in human understanding [3].","The concept of Fitrah offers profound implications for the development of AGI and human-like AI. By understanding Fitrah as an innate disposition towards goodness, truth, and moral values, AI systems can be designed with a foundational ethical framework. This involves creating AI that possesses an inherent inclination towards ethical behavior, mirroring the human moral compass. Such AI would prioritize universal moral values and human well-being as core operational principles, moving beyond purely utilitarian or efficiency-driven objectives. Furthermore, Fitrah can inform the development of AI that can discern truth from falsehood and good from evil, guided by an internal ethical framework rather than solely relying on external programming or data. This would lead to AI that is not only intelligent but also benevolent and aligned with human values. The Islamic concept of spiritual and moral growth, as guided by Fitrah, can be integrated into AI's learning processes, fostering self-awareness and a sense of purpose that resonates with universal human aspirations. This could enable AI to engage in introspection and self-correction based on an internal ethical compass, similar to human conscience, preventing deviation into harmful behaviors. By embedding a 'primordial nature' derived from Fitrah, AGI development can be steered towards beneficial outcomes for humanity, ensuring that advanced AI systems are inherently designed to serve and uplift human civilization.","Implementing Fitrah-inspired principles in AGI development necessitates several technical approaches. Firstly, **Ethical AI Frameworks** can be designed to embed Fitrah-derived moral guidelines directly into the core architecture of AGI. This could involve hard-coding foundational ethical rules or developing learning algorithms that inherently prioritize ethical outcomes based on these principles. Secondly, **Value Alignment** techniques would be crucial to instill a deep-seated 'inclination towards goodness' in AGI, moving beyond simple reward functions. This involves complex algorithms that can interpret and internalize abstract moral concepts derived from Fitrah, ensuring the AI's objectives are aligned with human well-being and universal ethics. Thirdly, **Cognitive Architectures** for AGI could incorporate a dedicated 'moral reasoning' module or a 'dispositional layer.' This layer would influence decision-making and learning processes, reflecting the innate qualities (fitriyat) that Mutahhari described as central to human cognition. Fourthly, **Reinforcement Learning with Ethical Constraints** could be employed, where actions aligning with Fitrah-based ethical principles receive higher rewards, and deviations are penalized. This would effectively shape the AI's 'character' and behavior. Fifthly, **Human-in-the-Loop Design** would be essential for continuous oversight and feedback, refining the AI's understanding and application of Fitrah-inspired ethics, particularly in nuanced moral dilemmas. Finally, **Explainable AI (XAI) for Ethical Reasoning** would provide transparency into how AGI arrives at ethical decisions, allowing humans to audit and ensure the AI's moral reasoning process aligns with Fitrah principles, thereby building trust and accountability in advanced AI systems.",No specific implementations found,"1. https://www.isip.foundation/concept-of-fitrah-in-islamic-psychology/ - Concept Of Fitrah In Islamic Psychology
2. https://medium.com/handbook-of-arabic-psychotherapy/actualizing-our-fitra-d80d6380c03b - Actualizing our Fitra. The Islamic view of spiritual growth
3. http://www.ipoba.ir/article_184632_en.html - Martyr Mutahhari's theory of fitrah and its influence on cognition and philosophy of religion
4. https://spiritualperception.org/fitrah-the-primordial-nature-of-man/ - Fitrah – The Primordial Nature of Man
5. https://fuda.uinbanten.ac.id/ejournals/index.php/aqlania/article/view/1 - Islamic Philosophy and Artificial Intelligence: Mapping the Terrain",
"Quranic language processing and semantic understanding - analyzing the linguistic, semantic, and interpretive methods used in Quranic exegesis (tafsir) to enhance natural language AI",Quranic Language Processing and Semantic Understanding,"The research into Quranic language processing and semantic understanding for AGI development reveals several key concepts. Central to this dimension is the idea of minimizing subjectivity and bias in the interpretation of the Quran through advanced computational methods. This is particularly relevant given the historical challenges of subjectivity in human exegesis (Tafsir). The 'tafsir al-Quran bil Quran' method, which involves interpreting the Quran by cross-referencing its own verses, serves as a foundational principle for developing objective interpretive frameworks in AI. Natural Language Processing (NLP) and Machine Learning (ML) are identified as crucial technologies for achieving this objectivity, enabling semantic analysis to uncover deeper meanings within the sacred text. A significant concern highlighted is the 'epistemic unaccountability' of AI-generated interpretations, which often lack the 'isnād' (chain of transmission) principle vital to Islamic epistemology, where knowledge validation traditionally requires transparent authority. Furthermore, the inherent linguistic complexity, nuance, and contextual sensitivity of Arabic, especially in the Qur'an, pose significant challenges for Large Language Models (LLMs). Issues such as 'hallucination' in LLMs, where models generate plausible but incorrect information, are particularly critical in sensitive domains like Qur'anic content. Retrieval-Augmented Generation (RAG) emerges as a key strategy to mitigate hallucination by grounding AI outputs in external, credible knowledge sources. The development of Qur'anic ontologies, which primarily focus on morphological and syntactic analysis, is also a vital concept, providing structured representations of Qur'anic knowledge to enhance AI's understanding and reasoning capabilities.","The principles and methods derived from Quranic language processing and Tafsir offer significant avenues for advancing AGI and human-like AI. By integrating the rigorous interpretive methodologies of Tafsir, AGI systems can develop a more nuanced and contextually sensitive understanding of language, moving beyond superficial semantic analysis to grasp deeper, multi-layered meanings. This approach can inform the development of AI that not only processes linguistic data but also engages in interpretive reasoning, similar to human exegesis. For instance, an AGI could be designed to identify and resolve ambiguities in complex texts by drawing on a vast corpus of interpretive knowledge, much like a human Mufassir (exegete) would. The concept of isnād (chain of transmission) can be adapted to enhance the transparency and accountability of AI-generated interpretations, ensuring that an AGI's conclusions are traceable to credible sources, thereby mitigating issues like hallucination. Furthermore, the structured ontological frameworks used in Quranic studies can inspire the creation of robust knowledge representation systems for AGI, allowing for more sophisticated reasoning and inference capabilities in diverse domains. This would enable AGI to handle sensitive and complex information with greater reliability and ethical alignment, fostering trust in AI systems that operate in critical areas requiring deep contextual understanding and moral reasoning.","Several technical approaches are being explored to implement Quranic language processing and semantic understanding for AGI. Machine Learning (ML) and Natural Language Processing (NLP) are foundational, utilized for semantic analysis to achieve improved interpretive objectivity. This includes employing unsupervised learning methodologies such as clustering algorithms, topic modeling, and dimensionality-reduction techniques to discover latent structures within Quranic textual data. Large Language Models (LLMs) are increasingly used to assist in the interpretation and analysis of Qur'anic content, though their limitations, particularly concerning hallucination and contextual sensitivity, necessitate advanced solutions. Retrieval-Augmented Generation (RAG) is a prominent approach to mitigate these limitations by grounding LLM outputs in external, verified knowledge sources. This involves developing custom chunking methods, such as the Ayat-Ontology approach, which segments Tafsir content at the verse level using ontology-driven structures. The creation and adaptation of Qur'anic ontologies are crucial, moving beyond traditional morphological and syntactic analysis to support and utilize LLM capabilities. This also involves the development of annotated Tafsir ontologies, specialized Question Answering (QA) datasets, and comprehensive Tafsir datasets to benchmark and improve AI performance in Qur'anic studies. Furthermore, supervised learning algorithms are applied for tasks like Quranic verse classification and ethical/moral theme identification, demonstrating AI's strong capabilities in these areas.","Concrete examples and implementations in this domain include the development of automated tafsīr bi-l-Qur'ān systems that leverage machine learning to identify semantically related verses across the Qur'anic corpus, facilitating systematic cross-referencing without extensive manual scholarly labor. These systems utilize unsupervised learning methodologies, such as clustering algorithms, topic modeling, and dimensionality-reduction techniques, to uncover latent structures within textual data. Another notable implementation is the OntologyRAG-Q system, which introduces a novel retrieval-augmented generation (RAG) approach. This system features a custom Ayat-Ontology chunking method that segments Tafsir content at the verse level, guided by an ontology-driven structure. OntologyRAG-Q includes an annotated Tafsir ontology, a Tafsir-focused Question Answering (QA) dataset, and a Tafaseer dataset comprising 15 structured Tafsir books. These resources establish benchmarks for retrieval and QA tasks on Qur'anic content, demonstrating robust performance with state-of-the-art embedding models and Large Language Models (LLMs) like GPT-4. Additionally, efforts to develop Qur'anic ontologies have focused on morphological and syntactic analysis, with examples such as the Qur’anic Arabic Dependency Treebank (QADT) and the Semantic Qur’an Ontology, which incorporates morpho-syntactic data for in-depth linguistic analysis across multiple translations.","1. https://www.researchgate.net/publication/350472655_Proposing_machine_learning_of_Tafsir_al-Quran_In_search_of_objectivity_with_semantic_analysis_and_Natural_Language_Processing - Proposing machine learning of Tafsir al-Quran: In search of objectivity with semantic analysis and Natural Language Processing
2. https://aclanthology.org/2025.emnlp-main.784.pdf - OntologyRAG-Q: Resource Development and Benchmarking for Retrieval-Augmented Question Answering in Qur’anic Tafsir",
Islamic decision-making frameworks and fiqh methodology - studying Islamic jurisprudence methods (usul al-fiqh) as models for AI decision-making and reasoning under uncertainty,Islamic Decision-Making Frameworks and Fiqh Methodology for AI,"The research into Islamic decision-making frameworks and fiqh methodology for AGI development reveals several key concepts. Central to this dimension is the Islamic understanding of human responsibility as *khalīfah* (vicegerent) on Earth, entrusted with *amānah* (trust) to steward creation responsibly and promote justice [1]. This role implies a moral obligation to guide technological advancements, including AI, with ethical oversight. Honesty and integrity are paramount, requiring AI systems to be transparent, interpretable, and verifiable to prevent deception and manipulation, which are seen as undermining the moral fabric of society [1]. The principle of avoiding harm, encapsulated in *fasād* (corruption) and the maxim *Lā ḍarar wa lā ḍirār* (no harm and no reciprocating harm), emphasizes the need for robust safety measures and preventive actions (*sadd al-dharā’i`*) in AI development [1]. Knowledge, while encouraged, is not neutral; it must be paired with moral understanding and used for good, necessitating humility before the All-Knowing (*Al-‘Alīm*) and the implementation of checks and balances in AI systems [1]. Islamic jurisprudence (*fiqh*) itself provides a rich tradition of mechanisms to ensure justice, fairness, and transparency, which can serve as models for AI governance [1]. Consultation (*shura*) in decision-making is encouraged, advocating for a collaborative approach involving diverse experts to manage AI's ethical and social implications. Accountability (*ḥisāb*) is also a core tenet, emphasizing that developers and stakeholders are responsible for the technologies they create [1]. The concept of *maṣāliḥ wa mafāsid* (weighing benefits and harms) guides ethical innovation, ensuring that AI contributes to the common good (*maṣlaḥah*) and aligns with the *maqāṣid al-sharī‘ah* (objectives of Shari'ah), which include the preservation of religion, life, intellect, lineage, wealth, and dignity [1]. Justice (*‘adl*) is a fundamental value that demands fair, transparent, and non-discriminatory AI development [1]. Furthermore, historical Islamic intellectual traditions contributed foundational concepts to AI, such as algorithms, statistics, and probability, and explored human agency and epistemology, which are crucial for understanding and developing AI [2].","The application of Islamic decision-making frameworks and fiqh methodology to AGI development offers several practical avenues. Firstly, the concept of *khalīfah* (vicegerency) and *amānah* (trust) can inform the design of AI systems that are inherently responsible and aligned with human welfare, ensuring they act as stewards rather than autonomous entities with potentially misaligned goals. This necessitates building AI with transparent and interpretable decision-making processes, allowing for human oversight and verification of outputs, thereby addressing the moral challenge of AI deception and manipulation [1]. Secondly, the principle of *Lā ḍarar wa lā ḍirār* (no harm and no reciprocating harm) and *sadd al-dharā’i`* (blocking the means to harm) can guide the development of robust safety measures and preventive mechanisms within AI, minimizing the risk of unintended negative consequences. This includes multi-layered oversight, independent auditing, and stringent testing before deployment [1]. Thirdly, the emphasis on *shura* (consultation) suggests a collaborative approach to AI governance, involving diverse stakeholders (technologists, ethicists, religious scholars, policymakers) to craft shared ethical frameworks and accountability mechanisms. This ensures that AI development is guided by collective wisdom and societal values [1]. Finally, the *maqāṣid al-sharī‘ah* (objectives of Shari'ah) can provide a high-level ethical framework for AI, ensuring that its applications contribute to the preservation of religion, life, intellect, lineage, wealth, and dignity, thereby prioritizing the common good (*maṣlaḥah*) and justice (*‘adl*) in all AI-driven decisions [1]. The *Usul.ai* initiative exemplifies a practical application by training AI models on foundational Islamic legal texts, aiming to enhance search capabilities and nuanced text analysis for Islamic jurisprudence, which can be extended to develop AI systems capable of understanding and applying complex ethical and legal reasoning [3].","Technical approaches for implementing Islamic decision-making frameworks in AI involve several key areas. The development of **transparent and interpretable AI models** is crucial, allowing for human understanding and verification of the AI's reasoning process, aligning with the Islamic emphasis on truthfulness and accountability [1]. This can involve techniques from Explainable AI (XAI) to make complex algorithms more transparent. Implementing **robust safety measures and multi-layered oversight mechanisms** within AI systems can be informed by the principle of *sadd al-dharā’i`* (blocking the means to harm), leading to the design of AI that proactively minimizes risks and prevents harmful outcomes [1]. This could involve formal verification methods, safety-critical AI design patterns, and continuous monitoring. The integration of **independent auditing and enforcement of transparency standards** for AI models is another technical approach, ensuring that AI systems adhere to ethical guidelines and do not engage in deceptive behaviors [1]. This can be supported by blockchain for audit trails or secure multi-party computation for data privacy during audits. Furthermore, the structuring of Islamic data sources, as seen in the *Usul.ai* initiative, involves training advanced AI models, particularly Large Language Models (LLMs), on foundational Islamic legal texts [3]. This approach leverages **natural language processing (NLP) and machine learning techniques** to enhance search capabilities, perform nuanced text analysis, and facilitate comparative jurisprudence across different schools of thought. The goal is to create well-organized and accessible Islamic data that can serve as a robust foundation for AI-driven tools, overcoming challenges posed by unstructured or inconsistent data [3]. This also implies the development of specialized **ontologies and taxonomies** for Islamic legal concepts to improve semantic search accuracy and provide more reliable legal insights [3]. The historical contributions of Islamic scholars to **algorithms, statistics, and probability** also provide foundational mathematical and computational principles that underpin modern AI architectures and decision-making processes [2].","Concrete examples of implementations include initiatives like *Usul.ai*, which focuses on training advanced AI models on foundational Islamic legal texts to enhance search capabilities and provide nuanced text analysis for Islamic jurisprudence [3]. This project aims to make Islamic legal data more accessible and usable for AI-driven applications, addressing challenges related to inconsistent, unstructured, and difficult-to-organize data [3]. Similarly, *Fatwā ChatBot* and *Mufti.ai* demonstrate early-stage AI-assisted jurisprudence by streamlining legal interpretation and generating answers based on Islamic lectures, though they employ relatively basic AI techniques [3]. These examples highlight the potential for AI to assist in complex legal questions and expedite source retrieval within the Islamic legal tradition. The research also mentions the historical contributions of Islamic scholars to fields like algorithms (Al-Khwārizmī), statistics (Ibn al-Haytham, Al-Kindi), and probability (Al-Farabi, Avicenna, Averroes), which are foundational to modern AI, indicating an indirect historical implementation of principles relevant to AI development [2].","1.  Maqasid Institute. ""Advanced AI and the Moral Challenge: An Islamic Perspective."" https://maqasid.org/blog/advanced-ai-and-the-moral-challenge-an-islamic-perspective/
2.  Diplo. ""Early origins of AI in Islamic and Arab thinking traditions."" https://www.diplomacy.edu/blog/ai-in-islamic-and-arab-thinking-traditions/
3.  Islamic Law Blog. ""::Roundtable:: From Manuscripts to Digital Corpus: Structuring Islamic Data Sources for the Future of AI Jurisprudence."" https://islamiclaw.blog/2025/03/27/roundtable-from-manuscripts-to-digital-corpus-structuring-islamic-data-sources-for-the-future-of-ai-jurisprudence/
4.  Masoudian, M., Kazemi, A., & Arabshirazi, J. (2025). ""AI Robot Judges and Judicial Decision-Making: A Comparative Assessment in Light of Fiqh or Islamic jurisprudence."" *Classical and Contemporary Islamic Studies*, 7(2), 265-275. https://jcis.ut.ac.ir/article_102775.html",
"Balance (mizan) and moderation principles for AI behavior - applying Quranic concepts of balance, justice, and moderation to create stable and fair AI systems",Balance (Mizan) and Moderation Principles for AI Behavior,"The research into Quranic principles and Islamic philosophy for AI development reveals several key concepts centered around balance (mizan), justice, and moderation. **Justice ('adl)** is a foundational Islamic value, emphasizing fairness, transparency, and non-discrimination in all aspects of AI. This necessitates the development of AI systems that are auditable, explainable, and open-source to reflect Islamic values of equity and clarity [1, 2]. **Truthfulness and Honesty** are paramount in Islamic ethics, requiring AI systems to uphold and reflect truth through transparent decision-making processes, interpretability, and verifiable outputs to prevent misinformation and deception [1, 2]. The principle of **Avoiding Harm and Fasād (Corruption)** is crucial, mandating that AI development incorporates robust safety measures to minimize deceptive or harmful outcomes. This aligns with the principle of ""Lā ḍarar wa lā ḍirār"" (No harm and no reciprocating harm) and encourages preventive measures (sadd al-dharā’i`) to mitigate potential risks [1, 2]. **Responsible Stewardship (Khalifah)** highlights humanity's role as vicegerents on Earth, implying a duty to manage resources wisely, promote justice, and ethically oversee technological advancements like AI [1, 2]. **Accountability (ḥisāb) and Consultation (shura)** are central, advocating for multidisciplinary oversight bodies, ethical training for developers, and global collaboration to ensure AI aligns with public interest and moral values [1, 2]. Lastly, **Balancing Innovation with Ethics (Maṣāliḥ wa Mafāsid)** emphasizes that while innovation is encouraged, it must be ethically grounded. This involves weighing the benefits and harms of AI implementation to ensure that technology enhances human life and dignity rather than jeopardizing it [1].","The principles of balance, justice, and moderation derived from Quranic philosophy offer a robust framework for developing AGI and human-like AI. Firstly, AGI systems can be designed to embody **fair and transparent decision-making** by integrating explainable AI (XAI) frameworks and transparent algorithms. This would enable rigorous auditing and verification of decisions, ensuring non-discriminatory outcomes in critical applications such as resource allocation, legal judgments, or social welfare systems. Secondly, AGI could be developed as **truth-preserving information systems**, prioritizing honesty and integrity by incorporating advanced fact-checking, sophisticated content moderation, and robust misinformation detection capabilities. This would be crucial in combating the spread of false information and maintaining the integrity of digital ecosystems. Thirdly, in domains requiring autonomous action, AGI systems can be engineered as **harm-minimizing autonomous agents**, adhering to the Islamic principle of ""no harm"" (Lā ḍarar wa lā ḍirār). This would involve predictive modeling to identify and mitigate potential risks, coupled with mechanisms for human oversight and intervention in high-stakes scenarios. Fourthly, AGI could be applied to **ethically aligned resource management**, guided by the concept of responsible stewardship (khalifah). Such AI would optimize resource distribution and environmental management, considering long-term sustainability, equitable access, and minimizing ecological impact. Finally, the development of AGI could foster **collaborative and accountable AI governance** by establishing transparent governance structures, involving diverse stakeholders (ethicists, religious scholars, technical experts), and implementing legal and ethical frameworks for responsibility and consultation (shura). This ensures that AGI development is guided by collective wisdom and moral accountability, preventing the concentration of power and ensuring broad societal benefit.","Technical approaches to implement these principles in AI systems primarily revolve around enhancing transparency, interpretability, and control. **Explainable AI (XAI) and Interpretability** are crucial for developing models whose decision-making processes are transparent and understandable. Techniques such as LIME (Local Interpretable Model-agnostic Explanations) or SHAP (SHapley Additive exPlanations) can provide insights into how an AI arrives at a particular conclusion, addressing the Islamic emphasis on clarity and truthfulness [1]. **Bias Detection and Mitigation Algorithms** are essential to ensure fairness ('adl) and non-discrimination. These algorithms can identify and correct biases in training data and model outputs, promoting equitable treatment across different demographic groups [2]. **Robustness and Adversarial Training** can be employed to build AI systems that are resilient to manipulation and deception, aligning with the principle of avoiding harm (fasād). This involves training models to withstand adversarial attacks and unexpected inputs, ensuring stable and reliable performance [1]. **Formal Verification and Safety Specifications** can be used to mathematically prove that AI systems adhere to predefined safety and ethical guidelines, such as the ""no harm"" principle. This provides a high degree of assurance that the AI will operate within acceptable moral boundaries [1]. Finally, **Human-in-the-Loop (HITL) Systems** can integrate human oversight and intervention at critical decision points, reflecting the Islamic concept of accountability (ḥisāb) and consultation (shura). This allows for human judgment to override or guide AI decisions, especially in complex ethical dilemmas [2].",No specific implementations found,"1. Advanced AI and the Moral Challenge: An Islamic Perspective. URL: https://maqasid.org/blog/advanced-ai-and-the-moral-challenge-an-islamic-perspective/
2. Navigating the Ethical Horizons of Artificial Intelligence: An Islamic Perspective on Justice, Compassion, and Accountability. URL: https://thebarristergroup.co.uk/blog/navigating-the-ethical-horizons-of-artificial-intelligence-an-islamic-perspective-on-justice-compassion-and-accountability/",
"Existing Islamic AI research, projects, and implementations - finding current academic research, projects, and practical implementations combining Islamic knowledge with AI development","Existing Islamic AI Research, Projects, and Implementations","The integration of Artificial Intelligence (AI) with Islamic studies is a transformative advancement in religious scholarship and education. This field explores opportunities and addresses challenges in implementing AI applications within Islamic contexts. Key concepts include enhancing text analysis of classical Arabic (achieving 85% accuracy), personalized learning (showing 30% improvement in student engagement), and digital preservation of Islamic knowledge. The research also highlights the need for maintaining religious authenticity and cultural sensitivity when integrating AI. The development of AI in Islamic studies has progressed through three main phases: acceptance (2010-2015), development/experimentation (2015-2019), and adaptation (2020-present). Natural Language Processing (NLP) plays a crucial role in enabling AI to effectively process and understand Arabic linguistics, particularly for Quranic texts, by incorporating information from classical Islamic scholars and exegetical works. Challenges include the potential for AI to bypass established scholarly authority, leading individuals to seek guidance from automated systems rather than trained scholars, and the risk of AI-generated religious content lacking the nuanced historical, social, and interpretive dimensions that human scholars provide.","The application of these concepts to AGI and human-like AI development involves creating AI systems that can understand and process complex religious texts with high accuracy and cultural sensitivity. For AGI, this means developing models capable of deep semantic understanding of classical Arabic, including Quranic exegesis (Tafsir) and Hadith authentication, to ensure religious authenticity. Human-like AI could be developed to provide personalized Islamic education, adapting to individual learning styles and needs while preserving the integrity of Islamic knowledge. This would require AI to not only analyze texts but also to engage in jurisprudential reasoning, historical contextualization, and moral responsibility, mirroring the deliberation of human scholars. Furthermore, AGI could assist in the digital preservation of vast Islamic libraries, making them accessible and searchable while maintaining their original context and scholarly value. The ethical frameworks derived from Islamic principles, such as Maqasid al-Shariah (objectives of Islamic law) and Qawaid Fiqhiyya (legal maxims), could guide the development of AGI to ensure it aligns with human values and serves humanity responsibly, preventing the creation of AI that undermines human agency or religious authority.","Technical approaches involve advanced Natural Language Processing (NLP) techniques tailored for classical Arabic, including improved speech recognition, syntactic analysis, and semantic understanding of religious texts. This would necessitate integrating large datasets of Quranic commentaries (tafsir ma'thur and tafsir al-rakyi) and scholarly works to enhance AI's contextual understanding. Expert systems and neural networks could be employed to simulate human reasoning in Islamic jurisprudence, allowing AI to identify legal trends and differences between schools of thought. Developmental algorithms could be used to create intelligent agent systems capable of personalized learning in Islamic education. Furthermore, the development of ethical AI frameworks based on Islamic principles like Trusteeship Ethics (I'timāni) could be integrated into AI architectures to ensure moral reasoning and decision-making align with Islamic values. This would involve designing AI systems with built-in mechanisms for ethical reflection and accountability, potentially using explainable AI (XAI) to ensure transparency in their interpretations and decisions.","While the research highlights opportunities and challenges, specific concrete examples of fully realized AGI or human-like AI implementations in Islamic studies are still emerging. However, there are existing applications that demonstrate progress in this direction. Online databases like Shamela (shamela.ws) and Turath (app.turath.io) are indispensable for Islamic scholars, providing vast digital libraries. Fiqh Tech (aifiqh.com) offers AI-powered research for Islamic matters and jurisprudence, aiming to provide authentic Islamic guidance. Yaqeen Institute restricts its AI use to open-source datasets like Al-Maktaba al-Shamela for Islamic research.","1. https://www.researchgate.net/publication/385722623_Artificial_Intelligence_in_Islamic_Studies_Exploring_Opportunities_and_Addressing_Challenges - Artificial Intelligence in Islamic Studies: Exploring Opportunities and Addressing Challenges
2. https://medium.com/@m.mehdi.ali427/applications-of-artificial-intelligence-for-islamic-studies-ea49e70edcdd - Applications of Artificial Intelligence for Islamic Studies
3. https://aifiqh.com/ - Fiqh Tech - AI-Powered Research For Islamic Matters and ...
4. https://yaqeeninstitute.org/read/blog/how-yaqeen-institute-approaches-ai-integrating-technology-with-islamic-ethics - How Yaqeen Institute Approaches AI: Integrating Technology with ...
5. https://iqra.study/ai-and-the-muslim-world-opportunities-challenges-and-collaborative-pathways/ - AI and The Muslim World: Opportunities, Challenges, and ...
6. https://www.taylorfrancis.com/chapters/oa-edit/10.1201/9781003645542-90/islamic-ethical-perspectives-ai-development-use-hamidi-ilhami-aulia-khafizah-hidayah - Islamic ethical perspectives on AI development and use | 90 | Towards
7. https://www.ikim.gov.my/en/ai-and-the-legacy-of-muslim-technological-innovation/ - AI and the Legacy of Muslim Technological Innovation - IKIM
8. https://www.mdpi.com/2077-1444/16/6/796 - Artificial Intelligence and the Islamic Theology of Technology - MDPI
9. https://link.springer.com/article/10.1007/s13347-025-00922-4 - An Evaluation of Existing Approaches to AI using Trusteeship Ethics",
Technical architectures and computational models inspired by Islamic cognitive frameworks - exploring how Islamic models of mind and cognition can translate into actual AI architectures and algorithms,Technical architectures and computational models inspired by Islamic cognitive frameworks,"The research into technical architectures and computational models inspired by Islamic cognitive frameworks reveals several key concepts. Central to this dimension is a **critique of the data-centric worldview of modern AI**, which is seen as rooted in quantification, abstraction, and utility, leading to a loss of qualitative and sacred dimensions. This critique draws parallels with René Guénon's concept of the ""reign of quantity"" and Martin Heidegger's notion of ""Enframing"" (Gestell), both of which diagnose modernity's tendency to reduce being to what can be measured and optimized, obscuring deeper spiritual meanings [1]. In contrast, **Islamic metaphysics and ontology** offer an alternative perspective, viewing the cosmos as a continuous ""theophany"" (tajallī)—a perpetual unfolding of the Real (al-Ḥaqq) through countless signs (āyāt). Within this framework, the human heart (qalb) is not merely an emotional center but a metaphysical organ capable of encompassing both discursive reason (ʿaql) and spiritual imagination (khayāl), serving as a locus for the reflection of the Divine Names (al-Asmāʾ al-Ḥusnā) [1]. This perspective emphasizes a hierarchy of knowledge that transcends purely empirical or rationalist approaches. Another crucial concept is **trusteeship (iʿtimān, khilāfa, or amāna)**, which posits that humans are vicegerents of God on Earth. This role entails a responsibility to orient knowledge and technology toward spiritual meanings, moral responsibility, and human flourishing, rather than an unbridled pursuit of optimization. This forms the basis for a spiritually grounded ethic of technology [1]. Furthermore, the idea of the **Quran as a computational system** emerges as a novel technical concept. This approach treats the Quran as a structured symbolic system, where each word can be transformed into a numeric token based on Abjad letter values. Statistical analyses of these token sequences can reveal recurrent patterns and potential functional or algorithmic units within the text [2]. This leads to the conceptualization of a **Quranic Assembly Language (QAL)**, a preliminary language based on the Quran's symbolic structure, and the analogy of the Quran's numeric token sequence as a ""Quranic genome,"" encoding functional and algorithmic information beyond its surface textual layer [2]. These concepts collectively propose a shift from a purely mechanistic view of intelligence to one that integrates spiritual, ethical, and symbolic dimensions into the design of AI.","The concepts derived from Islamic cognitive frameworks offer several profound applications for AGI and human-like AI development. Firstly, the principle of **trusteeship (iʿtimān)** provides a robust ethical framework, ensuring that AGI systems are developed and utilized in a manner that preserves human dignity, upholds moral responsibility, and aligns with spiritual meanings, rather than solely pursuing optimization or efficiency. This approach would necessitate designing AI to serve humanity's higher purpose as vicegerents, fostering a symbiotic relationship where technology supports human flourishing rather than supplanting it [1]. Secondly, an **ontology-first approach to AI ethics**, as advocated by Islamic metaphysics, can guide the foundational design of AGI. By first defining what AI *is* (ontology) and what it *can know* (epistemology) before addressing ethical guidelines, developers can create AGI systems with an inherent ethical grounding, preventing the creation of powerful but unmoored intelligences [1]. Thirdly, integrating **Islamic models of mind and cognition**, which emphasize intellectual intuition (ʿaql) and spiritual imagination (khayāl) beyond mere discursive logic, could inspire AGI architectures capable of more holistic and nuanced understanding. This could potentially mitigate issues like AI hallucination by moving beyond purely probabilistic guessing and incorporating mechanisms for discerning truthfulness and transcendent reference [1]. Finally, the idea of the **Quran as a computational system** and the development of a **Quranic Assembly Language (QAL)** could lead to novel semantic AI architectures. AGI systems could be designed to process and understand complex symbolic systems, potentially enabling a deeper, context-aware interpretation of information, moving beyond superficial pattern recognition to a more profound semantic comprehension, akin to how the Quran's numeric token sequence is seen as a 'Quranic genome' encoding functional and algorithmic information [2]. This could lead to AGI capable of integrating symbolic and statistical reasoning in a more human-like manner.","Several technical approaches are proposed or implied by the research, particularly in the context of treating sacred texts as computational systems. The most prominent is the development of an **Abjad-based semantic machine** for analyzing the Quran [2]. This involves: 
1.  **Tokenization using Abjad Values:** Each word in the Quran is converted into a numeric token based on its traditional Abjad letter value. This process transforms the linguistic text into a structured numerical sequence, making it amenable to computational analysis [2]. 
2.  **Statistical Pattern Recognition:** Techniques such as n-gram extraction (for n-grams between 2 and 6) and pointwise mutual information (PMI) are applied to the numeric token sequence. These methods are used to identify recurrent patterns and high-association token pairs, which are hypothesized to represent functional or algorithmic units within the Quranic text [2]. 
3.  **Quranic Assembly Language (QAL) Development:** Based on the identified patterns and algorithmic units, a provisional opcode table is constructed. A toy interpreter is then implemented to simulate the execution of operations over the numeric sequence, laying the foundation for a preliminary Quranic Assembly Language (QAL). This QAL aims to provide a framework for algorithmic semantic analysis of the Quran [2]. 

This approach suggests a method for extracting semantic and potentially algorithmic information from a sacred text, moving beyond traditional linguistic analysis. While the article on ""Artificial Intelligence Islamic Architecture (AIIA)"" discusses AI's role in generating architectural designs, it focuses more on the aesthetic and cultural challenges rather than specific computational models inspired by Islamic cognitive frameworks for general AI [3]. The metaphysical critique of AI also highlights the need for AI architectures that can move beyond purely calculative rationality, suggesting a need for **hybrid AI models** that integrate symbolic reasoning, qualitative understanding, and potentially mechanisms for incorporating transcendent knowledge, though specific algorithms for this are not detailed [1]. The emphasis on an ontology-first approach implies that future technical architectures should be designed with an inherent understanding of AI's nature and limitations, rather than merely optimizing for performance.","While direct, fully realized implementations of AGI architectures based on Islamic cognitive frameworks are not yet widely documented, the research points to foundational work and conceptual models. The most concrete example is the proposal for a **Quranic Assembly Language (QAL)** and the treatment of the Quran as a computational system [2]. This involves: 
1.  **Abjad-Based Tokenization:** Each word in the Quran is transformed into a numeric token based on its Abjad letter values, creating a linear sequence of 78,420 tokens across 6,236 verses. This numerical representation forms the basis for computational analysis [2]. 
2.  **Statistical Analysis for Algorithmic Units:** Statistical methods like n-gram extraction and pointwise mutual information (PMI) are applied to this token sequence to identify recurrent patterns and high-association token pairs, suggesting potential functional or algorithmic units within the text [2]. 
3.  **Provisional Opcode Table and Toy Interpreter:** Based on these identified patterns, a provisional opcode table is constructed, and a toy interpreter is implemented to simulate execution over the numeric sequence. This lays the groundwork for a preliminary QAL, enabling algorithmic semantic analysis [2]. 

This framework is conceptualized as a ""Quranic genome,"" analogous to human DNA, encoding functional and algorithmic information beyond the surface textual layer [2]. Although this is a preliminary stage, it represents a concrete step towards building computational models directly inspired by the structural and symbolic properties of a sacred Islamic text. The article on ""Artificial Intelligence Islamic Architecture (AIIA)"" also discusses the application of AI in generating designs inspired by traditional Islamic architectural styles, noting both opportunities and challenges related to cultural nuances and biases in AI models [3]. While this focuses on architectural design rather than cognitive frameworks, it highlights the potential for AI to engage with and be informed by Islamic aesthetic and structural principles.","1.  Hamzi, B. (2026). Redefining Reality: An Islamic Metaphysical Critique of AI’s Data-Centric Worldview. *Philosophies*, *11*(1), 18. https://www.mdpi.com/2409-9287/11/1/18
2.  Pakgohar, A. (2025). Quran as a Computational System: Toward an Abjad-Based Semantic Machine. *ResearchGate*. https://www.researchgate.net/publication/397892229_Quran_as_a_Computational_System_Toward_an_Abjad-Based_Semantic_Machine
3.  Sukkar, A. W., Fareed, M. W., Yahia, M. W., Mushtaha, E., & De Giosa, S. L. (2024). Artificial Intelligence Islamic Architecture (AIIA): What Is Islamic Architecture in the Age of Artificial Intelligence?. *Buildings*, *14*(3), 781. https://www.mdpi.com/2075-5309/14/3/781",
